"","GEOID","NAME","Minutes_Total_E","Minutes_Total_M","Minutes_Less_than_5_E","Minutes_Less_than_5_M","Minutes_5_to_9_E","Minutes_5_to_9_M","Minutes_10_to_14_E","Minutes_10_to_14_M","Minutes_15_to_19_E","Minutes_15_to_19_M","Minutes_20_to_24_E","Minutes_20_to_24_M","Minutes_25_to_29_E","Minutes_25_to_29_M","Minutes_30_to_34_E","Minutes_30_to_34_M","Minutes_35_to_39_E","Minutes_35_to_39_M","Minutes_40_to_44_E","Minutes_40_to_44_M","Minutes_45_to_59_E","Minutes_45_to_59_M","Minutes_60_to_89_E","Minutes_60_to_89_M","Minutes_90_or_more_E","Minutes_90_or_more_M","year"
"1","01","Alabama",1984610,16622,51363,4422,196214,7856,285238,9281,330771,9363,301239,9668,135316,6414,291010,9317,57230,4314,59987,4719,155551,5743,83771,5619,36920,3278,2016
"2","02","Alaska",344032,5454,29567,2699,64730,3850,64863,4661,69708,4073,49788,4293,12636,1839,21137,2472,2650,654,3975,1039,9822,1321,10098,1331,5058,1113,2016
"3","04","Arizona",2803061,17424,79087,5273,274014,10265,367788,10853,433132,9961,435998,11244,198992,7978,402858,11022,86832,4833,108107,6424,221181,8404,141546,7272,53526,4667,2016
"4","05","Arkansas",1224076,11906,57622,4486,172293,6853,221863,9503,215913,8574,170021,7262,66909,4799,130804,5659,26320,2878,33340,3204,71315,4579,41015,3524,16661,1974,2016
"5","06","California",16881674,45210,293319,9431,1288665,20535,2119483,24434,2469040,26432,2390808,23571,989589,18669,2549695,30756,461712,11666,737411,14958,1493472,21881,1403043,20985,685437,13541,2016
"6","08","Colorado",2586936,16169,75564,5455,268205,8471,345028,9094,401883,10218,391573,10680,180584,6763,370485,10548,78919,4754,99896,4911,200167,6869,128112,5838,46520,3391,2016
"7","09","Connecticut",1691805,11668,45115,3937,160140,6402,257027,7715,270155,8987,256075,7965,112790,5632,211354,7107,45444,3233,64971,4270,115144,5580,96477,5061,57113,4032,2016
"8","10","Delaware",419591,6667,9086,1757,30136,2978,57263,4476,65469,3779,72284,5077,30583,3017,66755,4688,9932,1857,17291,2012,28309,2912,22069,2745,10414,1835,2016
"9","11","District of Columbia",340443,5640,3889,1210,15326,2271,25537,2402,37845,3070,49787,3776,27326,2386,63723,4016,18284,2249,22970,2732,42501,3147,26246,2780,7009,1615,2016
"10","12","Florida",8574746,35611,142391,6441,616613,16514,1034562,22650,1279915,22673,1351251,21828,579516,15177,1420078,23251,294060,10684,365883,12447,777182,15688,513574,12799,199721,7951,2016
"11","13","Georgia",4417667,23918,92428,6518,351219,10859,560557,12500,651725,15431,627709,14878,257979,10559,634879,16487,143050,7383,172990,7795,440808,13619,346488,11643,137835,7126,2016
"12","15","Hawaii",673851,7592,14861,2112,63584,4302,86917,5200,95015,4815,87979,4511,37485,3294,111607,5567,16728,2111,30195,2792,60071,3986,52106,3621,17303,2246,2016
"13","16","Idaho",709089,9834,39470,3380,105371,5803,129083,5236,122727,6584,102501,6102,38201,3466,75786,5108,15960,2967,16257,2537,32725,3342,18343,2063,12665,1784,2016
"14","17","Illinois",5827667,21147,153077,6001,527706,12631,708472,13276,760556,15389,732123,12752,349866,9529,810079,16218,197804,6686,301295,10210,611218,12367,507789,11292,167682,5910,2016
"15","18","Indiana",2989065,14076,98106,4383,355873,9912,465078,10224,488360,12497,453635,10810,205054,6549,357305,10250,97788,4615,103819,5460,191389,6827,117589,5545,55069,3479,2016
"16","19","Iowa",1508674,9507,102873,4922,258824,6787,279691,8248,253805,7091,213529,6701,94229,4787,132475,4403,33131,2291,31729,2724,57538,3671,31936,2439,18914,1984,2016
"17","20","Kansas",1357805,9804,79612,4566,228377,7256,239816,5887,234308,8089,208857,7411,79021,4410,132113,6204,26758,2272,28692,2553,54046,3434,30587,2649,15618,1962,2016
"18","21","Kentucky",1852287,13833,64447,4526,209569,9140,290188,8250,318923,8723,286884,9267,117358,5792,235550,7815,53629,3835,55660,3963,114189,4563,73422,4976,32468,2988,2016
"19","22","Louisiana",1937891,14853,61059,4478,207996,8821,301343,11253,326865,9472,293349,9549,113480,7224,258409,8319,42860,3729,53263,4453,130187,6649,93216,6172,55864,4529,2016
"20","23","Maine",607191,7916,29818,3032,76696,4368,92700,4812,93827,4519,76343,4100,42982,3604,71825,4739,20106,2358,19568,1880,43538,3422,26101,2339,13687,2644,2016
"21","24","Maryland",2900577,15090,43396,4307,168126,6868,272812,9577,364710,9658,370589,10704,182610,7396,420100,11798,112741,5682,150816,7216,361080,9729,327832,8957,125765,5846,2016
"22","25","Massachusetts",3324848,18397,75062,4676,277040,8415,392781,9412,433364,11308,431513,9968,196788,7232,475149,12043,112668,4892,159993,7796,351687,10318,307120,7955,111683,6300,2016
"23","26","Michigan",4312029,19320,128656,5125,458949,10135,638267,11494,704017,12213,646586,10996,303745,7989,539769,8951,132784,4917,173108,5829,317760,7781,186979,6249,81409,4168,2016
"24","27","Minnesota",2701150,11132,100925,3951,337355,8819,392717,8120,420642,9414,400613,8801,199858,6659,338723,7555,85405,4730,103159,4772,174108,5490,104094,4882,43551,2721,2016
"25","28","Mississippi",1187935,13776,39627,3138,134181,7274,189107,8149,196457,6923,179145,7743,72451,4998,162976,7666,28346,2981,29874,2985,79280,5475,45264,3562,31227,3006,2016
"26","29","Missouri",2715276,17846,99730,5619,318109,10092,388099,10350,441537,10738,408577,10175,181420,6901,372037,9111,82903,5171,95083,5504,181412,6515,99659,5345,46710,3772,2016
"27","30","Montana",464730,6167,39506,2871,86910,4221,101051,5198,89761,4807,56085,4005,17748,2142,32561,2530,4680,892,7180,1136,12159,1517,9871,1425,7218,1411,2016
"28","31","Nebraska",931182,8300,64468,3674,158720,5958,170117,5759,155528,5279,143845,5577,62249,3424,86185,4369,16005,2026,15253,1579,31763,2645,16272,1918,10777,1522,2016
"29","32","Nevada",1298808,11065,26692,2939,98750,5778,180483,7861,222900,7752,240116,9568,111685,5995,211245,8179,34431,3310,40935,3261,65277,3851,41336,3436,24958,2518,2016
"30","33","New Hampshire",661417,7223,28134,3783,68979,4382,90810,5078,93330,4641,87607,5049,47027,3527,79483,4693,21826,2456,29059,2829,52329,2979,40576,3426,22257,2118,2016
"31","34","New Jersey",4137529,23123,83444,4685,325024,9666,477005,11402,514407,11824,535378,10732,264455,9201,541194,12961,128898,5175,196091,7461,421404,10152,438706,10669,211523,7299,2016
"32","35","New Mexico",833268,8499,28970,2965,115513,6647,143355,5878,146746,6594,131055,6183,41711,3510,95475,5735,14964,2556,21199,2214,49343,4101,30394,3042,14543,1816,2016
"33","36","New York",8891344,27148,198955,6993,633201,12555,900794,15475,1039322,17009,1066216,17636,479132,11881,1258236,21840,267076,9031,470659,10904,980813,15323,1100503,20171,496437,11445,2016
"34","37","North Carolina",4376042,20809,113761,6041,414616,11856,640447,13984,750942,15314,689765,13582,312150,9946,602734,13177,138964,6573,147429,6309,311070,9866,175464,6797,78700,4789,2016
"35","38","North Dakota",385232,5264,33331,2661,74404,4460,84735,4622,81419,4622,39699,3187,12507,1678,22945,2064,3535,960,4949,1161,12067,2110,8107,1313,7534,1391,2016
"36","39","Ohio",5201642,23525,180235,6416,572592,10933,749131,14265,850823,13522,833254,13385,417471,10478,645581,13052,169316,7167,185001,6664,327882,8856,185927,7455,84429,4247,2016
"37","40","Oklahoma",1655428,10531,71280,3722,228030,6448,272418,8628,289119,8294,254867,7165,104317,4014,201509,6222,37947,2420,42144,2741,81198,3393,47284,2806,25315,1972,2016
"38","41","Oregon",1773710,13766,66882,4146,214416,8664,272824,10559,293860,7951,248532,6773,111428,5591,214879,9220,50642,3320,61673,3951,121839,5835,81883,4843,34852,3316,2016
"39","42","Pennsylvania",5687611,24657,173029,6841,576066,13884,753364,10831,826662,12676,792687,11722,387247,9870,727973,13031,185292,5865,248521,8234,488657,10283,360963,9762,167150,5557,2016
"40","44","Rhode Island",488750,6552,12150,2356,46266,4298,71001,4420,81015,4950,83351,4486,35029,3097,61251,4802,16182,1916,18135,2162,30439,2726,20153,2432,13778,2105,2016
"41","45","South Carolina",2126419,17004,66727,3906,194529,7015,304445,10004,354615,10455,323087,9575,142305,6096,301755,8625,70867,5131,72961,4608,168512,6402,87614,5429,39002,3549,2016
"42","46","South Dakota",406395,5422,34198,2880,91916,4535,80365,3959,71161,3425,48473,3417,18515,1771,29158,2431,4025,855,6168,1164,10746,1225,6538,1107,5132,915,2016
"43","47","Tennessee",2840805,17561,70302,4495,263259,9676,384303,12046,467290,12457,446673,11087,201314,7261,409488,12448,91940,5262,96939,5498,227511,7480,132086,5850,49700,4090,2016
"44","48","Texas",12164885,40641,321030,11819,1129307,23433,1608324,21852,1910251,23916,1743175,21544,735990,15570,1808090,25513,371830,10640,470422,13228,1047374,18677,734025,18018,285067,10795,2016
"45","49","Utah",1348172,10636,49019,4190,173342,6203,224178,7919,247472,7913,207254,7819,90336,5186,153348,7030,30778,3199,40078,3359,71381,4622,42801,3885,18185,1862,2016
"46","50","Vermont",295813,4073,13328,1809,38163,3046,43963,3523,49632,3267,41323,3059,17382,2031,36163,2906,10172,1400,8925,1125,20172,1863,10864,1273,5726,858,2016
"47","51","Virginia",3941663,17944,94783,5602,304730,10730,467533,11504,588053,12197,571021,12588,257924,8557,580387,11970,132913,5933,170359,6340,359306,9771,287352,8594,127302,6050,2016
"48","53","Washington",3256711,19521,88733,5295,290447,8479,406183,12338,497528,11631,456434,11341,213228,7229,438589,9649,101481,4988,138321,6958,296023,9767,223894,6768,105850,6501,2016
"49","54","West Virginia",696839,8687,27854,2497,79579,5303,106453,5352,112800,5818,91238,5400,48139,3027,81357,5535,20733,2240,23071,2477,47176,3559,35441,2874,22998,2297,2016
"50","55","Wisconsin",2779087,13764,118956,5207,385847,8042,455692,8863,461193,9851,420865,9663,187049,6040,301703,7508,80137,4261,84312,4027,154535,5343,84732,3761,44066,2606,2016
"51","56","Wyoming",267908,4845,23366,2398,60307,3695,62399,4427,49691,4697,24675,2278,8248,1411,11875,1735,1842,683,5033,1276,8982,1697,7150,1735,4340,1015,2016
"52","72","Puerto Rico",1000054,13192,20930,2341,67193,4579,111843,5898,154692,6508,144349,6006,55222,4256,164279,6846,23911,3009,42532,4075,92398,4453,89873,6418,32832,3217,2016
"53","06","California",15567196,43055,322514,9648,1307673,20602,2088857,25271,2410314,27379,2316275,26781,881633,15010,2345526,23369,382289,11886,619210,14089,1254614,19563,1138548,17755,499743,11820,2012
"54","08","Colorado",2370579,16220,84345,5021,252414,8755,337861,8879,378388,9675,360036,9356,152017,6969,331534,8594,65847,3974,89680,4540,165984,6433,104348,5593,48125,3403,2012
"55","09","Connecticut",1656785,12692,48645,4248,171326,7239,255807,6512,266598,8495,265685,9817,98500,5359,214281,7043,46951,2621,55744,3505,102693,5575,87911,4782,42644,3046,2012
"56","10","Delaware",403316,5869,10787,1677,36035,2977,59588,4201,69444,3510,61343,3765,26072,2300,51309,4289,11650,1877,15500,1982,29186,3364,21498,2138,10904,1396,2012
"57","11","District of Columbia",311014,6284,3365,1067,13561,2210,24275,2549,40295,3758,50417,3823,21448,2664,62901,4222,15717,1838,15935,2602,33629,2639,21836,2557,7635,1298,2012
"58","12","Florida",7757026,33094,145170,8111,585716,14617,1004703,21171,1230977,19164,1271607,22718,512161,12585,1273170,22759,238913,9902,309747,9667,641035,18011,382414,10649,161413,8009,2012
"59","13","Georgia",4011658,24001,98513,5554,332923,11474,532475,15001,637623,13391,588337,13770,240481,10085,575998,14133,124098,6675,159624,6804,377585,11947,247964,9100,96037,6355,2012
"60","15","Hawaii",640879,7415,14874,2082,62420,3909,88893,5159,95708,4641,93606,4382,30975,2966,105977,4267,16292,2232,25995,2270,53182,3965,38415,3029,14542,1812,2012
"61","16","Idaho",656748,8247,37576,3170,108181,6152,119165,5460,117549,5763,89920,5629,40218,4411,65016,4174,11146,2128,13211,1899,25201,2753,17609,2598,11956,1707,2012
"62","17","Illinois",5683562,23005,159369,5423,545729,13026,743685,13612,734633,12787,748042,14262,334714,9984,801716,16020,181875,6638,273082,7625,555939,12312,453194,9138,151584,6165,2012
"63","18","Indiana",2855891,16079,104049,5516,340227,7683,447477,11494,465740,11476,441533,9794,187870,7210,341148,8891,78834,4069,94135,4619,187830,7496,107996,5571,59052,3858,2012
"64","19","Iowa",1458360,8596,105637,4473,259819,7336,273421,7098,241477,7044,203600,6371,79274,3817,130343,5632,29275,1957,28697,2330,56758,2898,31110,2192,18949,1763,2012
"65","20","Kansas",1332275,10023,83424,4175,215190,7274,248145,6964,235550,6870,197977,7401,76606,3855,135640,5987,25410,2456,26687,2802,46442,3073,24956,2320,16248,2090,2012
"66","21","Kentucky",1789062,13346,72385,4288,210578,7306,284876,8232,317215,9305,274553,7030,115113,4966,214682,7751,43428,2966,52595,3464,109253,3941,57034,3957,37350,2986,2012
"67","22","Louisiana",1918744,12717,72310,4798,219573,7579,297584,8645,314583,7865,283665,9136,101445,5102,253935,9195,43689,3910,47808,3635,129942,6108,93702,5485,60508,4037,2012
"68","23","Maine",598598,6972,32112,2763,84618,4564,93150,4683,84494,4152,83342,4517,36341,2913,67813,3435,17137,1965,22540,2286,37726,2192,25996,2043,13329,1484,2012
"69","24","Maryland",2787912,14245,46961,3318,175339,6562,268253,7624,346852,9577,376947,8783,163981,7192,440546,9911,102125,4941,142258,6023,323852,8955,284578,7964,116220,5371,2012
"70","25","Massachusetts",3136643,18459,81364,5372,281368,7676,401225,9908,419731,8911,410195,10377,175684,6522,460851,12051,101545,4996,149605,6088,308630,8545,259593,8062,86852,4735,2012
"71","26","Michigan",4036961,18141,139832,4811,437304,9040,609855,11215,653261,10941,623808,11064,273383,8330,511713,10403,123356,4570,149716,5049,280559,7827,162399,5711,71775,3656,2012
"72","27","Minnesota",2591196,13501,109407,4141,322369,8004,398395,8085,404031,8115,395523,7825,184443,5754,321070,6606,73020,3916,85451,3853,159509,5411,96709,4477,41269,2431,2012
"73","28","Mississippi",1150196,11850,51277,3324,133285,5887,177452,7706,188331,7636,171087,6914,63685,4699,164390,7077,28229,3123,30838,2817,65734,4066,47165,3797,28723,3048,2012
"74","29","Missouri",2614036,15383,102626,4953,324952,9675,379080,10475,425618,9540,397393,9659,177461,6352,342401,9904,78383,4232,87888,4145,166518,6575,87146,4157,44570,3182,2012
"75","30","Montana",444232,5896,34795,2680,82558,3955,99127,4192,84348,3530,54126,3583,14953,1541,29744,2300,4719,864,6849,1081,12814,1306,10424,1172,9775,1355,2012
"76","31","Nebraska",900483,6472,63004,3311,151053,4896,175645,4978,159526,5041,139689,4232,50642,3064,78271,3045,12731,1746,15540,1703,27446,2305,16953,1670,9983,1496,2012
"77","32","Nevada",1178781,9833,32219,3232,96928,5536,155366,6801,209581,6412,223958,8297,93261,5166,192957,8014,27113,2672,30688,3379,50219,3680,40239,3343,26252,2366,2012
"78","33","New Hampshire",637747,6867,22511,2659,67722,4082,96700,4357,90258,4522,85248,3911,44878,3232,76644,4082,19889,1838,27183,2306,50853,3360,37189,2954,18672,1979,2012
"79","34","New Jersey",3945265,20522,92149,4797,321356,8707,490504,10957,508101,9790,513613,12722,229517,8878,523184,11690,118829,5871,185827,6380,381941,9383,394706,8426,185538,6236,2012
"80","35","New Mexico",826180,10088,34679,3225,108037,5353,144414,5565,157278,5995,127274,5385,44850,3491,94403,5554,14099,2201,16651,2331,41963,3571,27313,2405,15219,1872,2012
"81","36","New York",8566966,26224,214024,7276,665902,14132,955026,13848,1024823,13074,1096112,20178,452441,10540,1222540,18032,234352,8667,423806,11241,886973,16436,961886,14578,429081,11174,2012
"82","37","North Carolina",4072520,23332,131299,6724,409921,11703,627646,11321,724596,15014,648668,13684,272687,8980,519465,12243,118947,5625,129326,6379,260585,8577,149583,6494,79797,5033,2012
"83","38","North Dakota",355264,4540,34071,2500,77173,3897,80291,4369,65684,3773,32195,2359,12353,1909,20481,1896,3526,732,3590,753,9373,1307,9439,1215,7088,1165,2012
"84","39","Ohio",5004577,20581,185473,6531,557870,11314,774483,14443,798284,11573,820508,14039,382926,9875,621896,10977,144904,5963,177213,7752,286900,7208,164263,5852,89857,4926,2012
"85","40","Oklahoma",1626405,9538,76953,3701,227876,6260,281445,7633,273241,5946,260231,6340,95755,4519,196902,6562,32367,2269,34925,2416,74518,3912,44914,3140,27278,1913,2012
"86","41","Oregon",1595991,12131,67623,4671,203711,8141,267593,8568,259079,8251,237375,8909,96642,4620,187180,6774,39991,3711,49781,4038,100152,5824,55989,3862,30875,2634,2012
"87","42","Pennsylvania",5584155,20518,195858,5934,567962,9900,799499,11773,826147,12703,816972,13408,351666,8014,712002,12661,156491,4892,221252,6674,460463,8561,325622,9096,150221,4789,2012
"88","44","Rhode Island",485623,7298,14350,1812,47238,3320,74635,4264,82702,3934,79450,4286,31524,3020,58712,3345,11715,2020,18621,2200,33987,3434,22098,2897,10591,1572,2012
"89","45","South Carolina",1931496,15790,62047,4266,190884,6995,290041,7863,333314,9697,326666,9919,123955,6066,271100,8241,55593,4139,54921,3617,124514,6129,61274,4251,37187,3573,2012
"90","46","South Dakota",396728,5453,35756,2450,85783,4020,82216,4296,70639,3756,48533,2950,13095,1335,26957,2380,5217,943,5990,1150,10950,1359,6769,1062,4823,897,2012
"91","47","Tennessee",2676009,15301,70726,4354,249381,8382,394698,10396,446609,9551,431949,10525,175856,6846,388094,11409,81772,4350,90865,4865,193484,5982,104387,5476,48188,3494,2012
"92","48","Texas",11152347,30511,338267,11498,1111976,19406,1585825,22772,1769844,25603,1639111,24011,635493,15123,1694523,19675,300941,10123,400030,12227,860797,16657,575251,13302,240289,8649,2012
"93","49","Utah",1234950,8477,53024,3429,155900,6262,205956,5748,208243,6642,203644,5885,71409,3897,149028,5912,24341,1939,33981,2785,66650,4867,39216,3278,23558,2584,2012
"94","50","Vermont",295636,4870,16869,1767,40113,3015,46840,2512,43073,2780,39393,2615,18889,2165,35397,2510,7285,1033,9605,1274,19227,1696,13389,1404,5556,699,2012
"95","51","Virginia",3779438,17848,78437,5072,307096,9064,482954,9695,562156,13429,572515,11207,242558,8257,551558,12230,116971,6111,154192,6316,333472,8189,262710,8842,114819,4867,2012
"96","53","Washington",3005863,16253,88210,5016,287746,9430,413527,10230,478087,12017,438662,9930,193636,7520,419609,9956,88028,4496,125853,5590,229950,7848,164525,7003,78030,4722,2012
"97","54","West Virginia",712516,9524,32066,2845,86645,4879,107672,4656,114745,5201,98449,3733,43334,3884,74326,4166,18924,2640,25699,2563,49937,3193,37059,2862,23660,2218,2012
"98","55","Wisconsin",2690547,11084,125084,4753,370183,8287,463269,8862,451519,8637,395438,8333,177880,5671,281428,6696,73843,4017,77443,3108,142257,5619,86494,3889,45709,2815,2012
"99","56","Wyoming",270152,4661,24654,2727,64634,4182,59451,3483,43763,3318,24609,2532,6077,1108,16157,2064,2198,604,3371,832,10168,1616,7930,1572,7140,1462,2012
"100","72","Puerto Rico",1032768,12496,22025,2160,67893,4159,117445,6026,151351,6480,146895,5826,46486,3874,171820,7548,21947,2452,48456,3731,91780,5001,106817,5496,39853,3138,2012
"101","01","Alabama",1919867,16991,54243,4349,186222,6666,291957,9224,320868,8939,304158,8915,121175,6137,274319,8732,48200,3610,57930,3502,138730,6002,86963,5582,35102,2788,2012
"102","02","Alaska",336668,5636,28841,3327,56734,3277,65344,3967,63164,3940,47282,3411,11780,2083,25900,2748,3779,1106,4196,973,12071,1895,10307,1611,7270,1326,2012
"103","04","Arizona",2573491,15596,72444,4677,246288,9647,366196,11556,395841,12254,395983,10165,171832,7150,402407,11830,72430,4749,107562,5924,195001,8097,104312,5133,43195,3257,2012
"104","05","Arkansas",1190483,10678,56053,4116,178170,6808,200964,6395,208913,7806,166213,6617,64755,4345,138526,6476,25542,2509,26493,2508,66990,3559,38211,3099,19653,1951,2012
"105","01","Alabama",1933555,16895,53146,4040,189049,7112,276820,9473,338249,9817,300829,9011,122593,7231,292931,9182,52437,3887,55758,4107,141816,6112,74906,4444,35021,2962,2013
"106","02","Alaska",342405,5479,26539,2358,56348,3568,73269,4666,64630,4279,47412,3859,14560,1914,22915,3218,3761,1223,5057,1116,11732,1701,8534,1075,7648,1549,2013
"107","04","Arizona",2604104,16668,76149,4486,250598,8050,361047,9603,395842,12250,403131,10723,189030,7619,389640,9235,72311,3797,105989,5061,204629,7336,110447,4467,45291,3308,2013
"108","05","Arkansas",1188625,11146,54554,4150,160604,5688,207026,8323,214569,8447,169537,7258,62755,4193,140330,6605,27183,3608,29245,2996,67909,4368,36115,2852,18798,2363,2013
"109","06","California",15868010,41013,313543,10108,1290625,21723,2098100,26643,2435511,27477,2355128,29161,934487,15811,2365170,27938,411587,10659,645501,13613,1313017,19668,1168216,21315,537125,13954,2013
"110","08","Colorado",2399564,16901,75445,3765,247977,8575,341301,11274,386505,10087,373411,10591,157885,7348,322238,8898,69694,3993,91044,4469,179526,5621,107412,6028,47126,3583,2013
"111","09","Connecticut",1661027,10885,46952,3609,159851,6865,253778,7647,268673,8301,265181,8437,101594,5831,207527,8674,46738,3557,61462,4860,111664,5356,89594,5711,48013,3353,2013
"112","10","Delaware",407696,6230,9955,1515,34726,3328,60604,4692,67958,3734,67243,3812,27738,2569,56305,4368,10204,1531,12786,1710,28096,2966,21647,2610,10434,1786,2013
"113","11","District of Columbia",315613,5279,5115,1408,13177,1876,22103,2646,39732,3399,48862,3817,22816,2415,65502,4664,16957,2092,18782,2360,34239,2845,20322,2428,8006,1525,2013
"114","12","Florida",7929082,32998,165763,8470,604394,15090,1001531,21120,1229093,17415,1308415,24584,532653,13570,1314471,22284,246270,10155,321647,10355,658779,16731,394788,12281,151278,7079,2013
"115","13","Georgia",4082818,24372,96529,5023,343237,10207,521806,13413,638453,14489,635734,14746,237884,9274,577843,15480,125056,7324,149351,6555,388384,13264,264752,9517,103789,6272,2013
"116","15","Hawaii",642827,7266,15731,2415,61269,3875,81307,4831,91378,5185,89585,4753,34121,2886,114173,5004,13865,1716,21337,2269,62002,4108,41063,3381,16996,2623,2013
"117","16","Idaho",658527,9679,37419,3361,106754,5612,120059,6522,117725,5719,92956,6255,34822,2946,64724,3890,14604,3725,13938,2724,26467,2623,19022,2313,10037,1499,2013
"118","17","Illinois",5722315,23874,164432,6682,540359,12107,720198,14077,763114,14056,744507,14879,335501,8702,784918,12569,193770,7177,277759,9148,580688,13807,463652,9621,153417,7511,2013
"119","18","Indiana",2875963,17332,112530,6783,350873,8659,427577,10314,473367,11565,438337,9086,200203,6477,341965,8716,89506,4903,98656,5287,185529,6082,109068,5060,48352,3319,2013
"120","19","Iowa",1483107,8752,104387,4223,262980,7683,274899,6720,250262,7489,198461,6109,88687,4362,133172,5469,30538,2874,29416,2081,58742,3383,32418,2560,19145,1675,2013
"121","20","Kansas",1333607,11598,83811,3962,224641,6095,237057,7254,241816,8986,188083,6384,76830,4679,136485,5004,26971,2256,25543,2338,50737,3694,24905,2129,16728,1954,2013
"122","21","Kentucky",1806915,13743,69121,4675,222236,7730,284507,9420,315200,9128,282702,8419,119850,5724,217101,7347,49209,3653,44618,3303,106940,5579,61949,4691,33482,3173,2013
"123","22","Louisiana",1937064,14966,63462,5167,208232,8543,305450,9040,324428,9187,289001,9492,105992,6168,259963,10302,42996,3200,50631,3516,132976,5941,93442,6163,60491,4579,2013
"124","23","Maine",593227,6092,34351,2841,75267,4371,95096,4477,88652,4292,84525,4098,37457,2561,63713,3983,14452,1742,18522,2356,42079,3492,25042,2734,14071,1616,2013
"125","24","Maryland",2821646,15324,46264,3870,174487,7470,268848,9029,354748,11057,356374,10337,173324,7256,420240,10527,101922,4604,150923,6268,344522,8233,307560,8219,122434,6340,2013
"126","25","Massachusetts",3178822,20255,81102,4976,275822,8255,396053,10213,422074,10249,421345,10898,201671,7589,447078,12119,102413,5255,151699,5419,320506,7620,268886,8311,90173,4593,2013
"127","26","Michigan",4110449,21519,141192,5340,461930,10589,603553,11931,666771,12735,623735,11988,292622,7982,502490,9689,136400,5338,148824,5423,293183,7618,160696,5903,79053,3953,2013
"128","27","Minnesota",2638199,12562,111262,4060,333215,7810,395212,9815,411150,9306,386606,10300,189570,6322,326596,8724,79687,4515,91381,4067,175829,5464,96747,3790,40944,2712,2013
"129","28","Mississippi",1158296,12773,44346,4234,144739,8060,189767,8040,184436,6128,169726,7910,66818,4562,152522,6104,28093,3026,27297,2756,78917,5280,44248,4219,27387,3146,2013
"130","29","Missouri",2659601,15135,104359,4833,317319,7875,392794,8050,426674,11254,397040,10507,184817,6980,360611,9951,82514,5113,89252,4405,174090,6739,83544,4995,46587,3730,2013
"131","30","Montana",446809,6319,33862,2612,88244,4341,96408,5045,81484,4504,51144,3034,18209,2114,34687,3001,3994,885,6867,1322,14186,1520,10152,1415,7572,1300,2013
"132","31","Nebraska",912663,6701,59304,2976,158318,4948,173001,6273,161026,5854,139724,5041,50795,2927,87567,3889,13854,1358,15819,1460,29273,2643,16079,2066,7903,1213,2013
"133","32","Nevada",1202135,12073,30503,3548,102208,4986,159159,7554,215853,8386,230215,8061,98503,5232,191988,8005,26815,2578,34195,2969,51841,4040,34330,3374,26525,2151,2013
"134","33","New Hampshire",640898,8027,26205,2956,70882,3565,89410,4536,88561,4022,83058,5129,41512,3002,78739,4225,19233,1834,29585,2653,54826,3695,37627,3116,21260,2689,2013
"135","34","New Jersey",3999923,20416,88044,4928,317046,8634,477938,10979,520432,9619,517006,11744,244636,8752,532007,13774,120309,5270,193323,6198,398160,9439,404520,10588,186502,6662,2013
"136","35","New Mexico",827542,9814,38130,3738,110946,6320,148218,6797,148899,6887,118997,6532,44146,3143,96738,4920,15207,2266,20114,2150,42504,3349,28275,2449,15368,1895,2013
"137","36","New York",8664226,29246,216796,8517,660477,14765,932422,16450,1045589,16995,1082255,17043,461570,11034,1214435,19820,257058,8150,437768,11093,922174,16527,995656,16329,438026,10530,2013
"138","37","North Carolina",4151801,19449,120495,5969,411068,11096,644221,14111,734887,16392,663430,14127,284744,8875,536776,13257,120683,5790,130314,5974,270001,8396,152516,6014,82666,5173,2013
"139","38","North Dakota",370780,4422,32819,2288,73400,3925,87558,4031,65738,3582,41999,3458,10617,1576,23027,2367,3596,888,4258,765,9414,1112,9889,1584,8465,1629,2013
"140","39","Ohio",5058917,25040,175431,6198,550259,13344,749707,14007,837660,14403,834463,12425,384490,9995,640550,12074,157609,6099,173919,7090,304496,7836,171089,7135,79244,4055,2013
"141","40","Oklahoma",1646344,10732,68400,3685,235804,6065,279588,6579,286802,7163,263003,6227,96021,4657,198619,5698,31895,2151,35978,2594,74468,3486,46076,2705,29690,2423,2013
"142","41","Oregon",1635384,14888,66717,4325,208160,7532,262297,9229,282879,8234,239684,7937,100121,4964,187569,7354,39470,3306,51266,4189,98143,4957,70547,4815,28531,2973,2013
"143","42","Pennsylvania",5640000,21431,193693,7394,587617,12781,792698,12254,822039,14409,817815,15401,357753,9858,720275,14589,172563,5606,228653,6978,466098,9797,332981,8052,147815,5515,2013
"144","44","Rhode Island",489610,7837,13681,1839,49493,3604,71321,4408,88263,5617,79753,5066,33783,3480,59259,3155,14657,1873,16956,2040,30642,2438,21687,2420,10115,1717,2013
"145","45","South Carolina",1996609,16273,68667,4864,199853,7538,292974,9355,344027,10906,319428,9590,128598,6670,290800,10274,58977,4070,56147,4251,124279,5322,75912,4043,36947,2784,2013
"146","46","South Dakota",404732,4976,34148,2166,85431,4017,82201,4711,74997,4290,51282,2888,15166,1350,26447,2463,5032,1022,5724,1160,9636,942,9664,1128,5004,965,2013
"147","47","Tennessee",2736437,17959,72561,4551,260818,10244,384737,12518,458629,12101,446303,11100,186431,7315,395397,9898,77759,4846,83898,4096,208549,8165,114222,4970,47133,3752,2013
"148","48","Texas",11448252,34332,326743,9433,1128002,20690,1604173,21616,1841585,24048,1665775,21919,679842,14295,1691031,25570,297179,10975,404791,12374,928776,18204,638538,15025,241817,8997,2013
"149","49","Utah",1240207,11372,48826,3880,166945,7845,203109,7339,221572,7245,203551,8233,78489,4381,147817,5620,24327,2391,30898,2712,60902,3366,34929,3365,18842,2809,2013
"150","50","Vermont",293106,4089,15118,1581,40928,2900,45221,2605,50029,2934,38318,2644,16683,1580,32148,2376,9656,1472,10019,1357,20375,1765,9548,1107,5063,737,2013
"151","51","Virginia",3836121,20382,83761,4901,315914,9302,485741,12902,590528,11275,560455,10901,260898,9141,537457,13403,121762,5966,156818,5821,346000,7848,264027,9063,112760,5778,2013
"152","53","Washington",3034217,19382,95886,6046,287445,9845,406151,9979,480117,13007,459767,10716,192287,8255,401684,11379,90339,5462,123596,5247,245909,6871,171467,7875,79569,5077,2013
"153","54","West Virginia",716062,10041,31470,3158,79006,5002,105025,4344,111473,6036,108596,4845,41667,3673,75783,4712,19152,2341,23612,2439,51703,3636,43634,3544,24941,2210,2013
"154","55","Wisconsin",2707399,15567,124535,5426,366431,7773,451267,9093,451978,10265,403420,8102,179203,5378,284780,8331,74553,3769,84891,4550,153042,5349,86721,3959,46578,2982,2013
"155","56","Wyoming",280129,4443,27046,2812,67032,4092,67134,4111,43277,3018,22396,2458,6476,1303,16977,2065,3077,1021,4050,986,7569,1412,7925,1412,7170,1413,2013
"156","72","Puerto Rico",1003508,11736,18274,2268,68435,3932,111282,5429,148732,6473,142829,7500,45907,4256,166558,6380,23233,2803,49378,3716,83620,5310,101018,5517,44242,3302,2013
"157","01","Alabama",1950193,12853,50533,3591,176701,6839,282124,8090,341395,8599,316324,8913,133249,6492,295236,9727,52327,4090,52743,3585,138428,6507,75205,4898,35928,2380,2014
"158","02","Alaska",345296,5258,28148,2330,66323,4634,68435,4333,64284,3612,47827,3741,10999,1824,24294,2709,3497,973,3724,983,12256,1861,9469,1412,6040,1051,2014
"159","04","Arizona",2669939,19893,72871,4536,265609,7860,364556,10186,421447,10995,412582,12315,188647,7650,402287,11273,78078,3845,110731,5330,204724,7574,106147,5575,42260,3440,2014
"160","05","Arkansas",1208299,13420,52648,3590,170855,6954,210230,8425,207576,8385,178446,6908,68635,4561,134171,6170,25603,2833,32138,2721,63466,3431,42889,3997,21642,2258,2014
"161","06","California",16323951,43271,325805,10984,1335362,21281,2099382,26290,2467457,30069,2358076,24904,976551,16870,2450357,29602,422791,11493,694089,12646,1383016,18520,1257910,20335,553155,10703,2014
"162","08","Colorado",2506847,13812,74803,4221,249535,7850,355138,10282,384617,9158,376491,9636,166504,6234,354625,9876,83855,4483,94315,5290,189363,6928,127108,6165,50493,3983,2014
"163","09","Connecticut",1683826,11524,49075,4158,163964,7546,256567,8634,268647,7854,266434,7723,111641,5325,209537,7457,47060,3478,59668,3824,108887,5542,92639,4333,49707,3208,2014
"164","10","Delaware",415479,5959,9952,1532,36665,3074,67039,3937,71863,4441,68973,4490,26144,2550,54936,3403,11512,1916,10358,1549,27515,3084,20820,2141,9702,1584,2014
"165","11","District of Columbia",326050,5896,4044,1088,15252,2275,23879,2003,39454,3632,52376,3659,25631,2280,68477,4648,17474,2121,19044,2518,34827,2900,19273,2258,6319,1558,2014
"166","12","Florida",8170362,33838,157299,6287,607391,13749,1006762,19121,1274718,20497,1351443,20823,554285,15649,1347016,21123,261400,10600,331438,9420,688900,14889,424115,12017,165595,7362,2014
"167","13","Georgia",4201848,22836,90954,5720,334850,9285,559746,14151,654763,14983,606739,13659,258340,8770,584268,12331,130866,7038,161374,7037,407847,11263,298111,9019,113990,6267,2014
"168","15","Hawaii",654942,7845,19632,2136,53910,3255,83870,4180,87365,4718,90225,5476,32241,2682,112223,4925,17349,2402,25436,2282,63725,3996,48983,3805,19983,2291,2014
"169","16","Idaho",670046,10145,39701,3885,104976,5695,114659,5388,114863,6481,96812,5192,37738,3326,72752,4463,15304,2879,13922,2097,29728,2900,19853,2191,9738,1456,2014
"170","17","Illinois",5778728,24381,159716,6092,539766,11020,702496,13650,750056,14829,749176,12780,339585,9113,804820,12598,185855,6557,276896,8485,601172,12619,502823,11401,166367,6407,2014
"171","18","Indiana",2929423,16075,104120,5073,353788,10054,457812,11087,488586,9636,426738,12012,196512,7583,353657,8529,87171,4706,105941,5637,189213,6771,114159,5044,51726,3606,2014
"172","19","Iowa",1490887,10075,102822,4635,275239,8274,264959,6654,260433,8025,201732,5516,83793,3932,131263,4749,30889,2069,32844,2221,58273,3219,30216,2385,18424,1943,2014
"173","20","Kansas",1332635,10425,83468,3606,212875,7456,240992,7304,232378,6547,199210,7061,83683,4233,129941,5607,26779,2148,28928,2363,52780,3028,25794,2446,15807,1703,2014
"174","21","Kentucky",1818841,13406,71139,4986,212336,6991,277044,8645,315699,8848,278968,8428,120359,5352,226138,7837,49518,3647,56931,3601,111291,5455,67170,3976,32248,3118,2014
"175","22","Louisiana",1934748,14680,64762,4692,209414,7515,294596,9152,312482,8848,301905,9631,104622,5972,273418,11183,44498,3990,49074,4232,123650,6199,91980,5933,64347,4400,2014
"176","23","Maine",603954,7229,29457,2755,75486,4117,91785,4963,97769,4901,87171,4570,37765,3302,65379,4080,18453,2106,20618,1986,42600,3309,24751,2504,12720,1573,2014
"177","24","Maryland",2837275,13757,44361,3239,166902,6164,275982,7987,346359,8256,372927,10654,173771,7238,428700,9677,112899,5497,153938,6490,334304,9171,310564,7339,116568,5631,2014
"178","25","Massachusetts",3232609,20461,77700,4828,279575,8410,396962,9876,441691,10345,423606,11193,191414,6905,447659,9436,103459,3929,152548,6358,335453,8572,285564,7952,96978,4014,2014
"179","26","Michigan",4196854,21335,136111,5689,462272,10854,605797,10629,674138,10807,647433,10290,292253,7786,508006,10571,134535,4530,162568,5144,308240,8307,187307,5736,78194,3742,2014
"180","27","Minnesota",2667269,13500,105054,4811,319996,7839,395365,6819,419993,9353,392461,8807,192049,6538,332963,8250,82694,3809,99214,4217,180995,6021,104673,4410,41812,2619,2014
"181","28","Mississippi",1168561,11399,41778,3483,136958,6218,190991,7301,197451,7071,167064,7039,68382,4615,150902,7671,28726,3256,35860,3596,73657,4361,47115,3587,29677,3128,2014
"182","29","Missouri",2647602,15807,100361,5423,310254,8407,391000,11298,429938,10049,416097,9388,180834,6893,343411,9109,78436,4328,89188,4996,180379,6926,86869,4241,40835,2839,2014
"183","30","Montana",453422,5317,32539,2658,85845,3672,97246,4707,90911,4834,52837,3564,17227,1639,32906,2677,4750,996,7370,1064,14185,1666,9748,1369,7858,1375,2014
"184","31","Nebraska",928530,7417,61525,3438,162093,5640,174052,6451,167830,6043,135426,5148,52798,2898,83396,4026,14904,1362,17429,1643,31232,2131,17363,1866,10482,1301,2014
"185","32","Nevada",1238418,11295,31721,3119,104397,5358,170072,8029,207208,8266,238789,7277,104217,6394,200175,7011,27319,2826,34752,3327,54526,4607,38174,3279,27068,3138,2014
"186","33","New Hampshire",644441,7170,25666,2701,75086,4717,82088,4973,87742,4398,81865,5030,42146,3337,80685,4132,22424,1971,29270,2896,55426,3007,41068,3068,20975,2494,2014
"187","34","New Jersey",4101270,20469,89788,4751,320296,11173,485537,9715,526199,10725,541869,13077,247301,7210,536299,11657,122740,6034,195654,7676,400533,9953,437215,10846,197839,7042,2014
"188","35","New Mexico",830987,9449,31198,3075,110469,6458,155903,7080,148689,6369,121106,5577,44082,3677,95133,5854,15917,2066,19399,2282,45448,4368,27274,2537,16369,2075,2014
"189","36","New York",8808065,29421,222969,7417,652886,13788,919508,15634,1043162,16091,1080800,17590,468428,11483,1254871,21800,263321,8841,457830,13178,962352,15611,1006767,14800,475171,9371,2014
"190","37","North Carolina",4221920,20777,123442,6126,428222,11001,637951,13447,727737,13721,668550,14368,295016,9796,548840,11948,122517,6480,138348,6826,288861,8508,168327,6210,74109,4844,2014
"191","38","North Dakota",368137,4956,31969,2420,79902,4299,85719,3658,64780,3652,40110,3421,10311,1162,19030,2006,3063,690,4201,833,10133,1233,11582,1439,7337,1280,2014
"192","39","Ohio",5136488,21793,177876,7576,571986,13395,745561,10850,836335,15793,834194,13925,410051,9167,645542,10610,165929,5133,177271,6296,319601,9676,171211,6769,80931,4203,2014
"193","40","Oklahoma",1661975,10201,70778,4084,231010,6507,275441,7075,293220,6868,255897,5776,104940,4737,203456,5193,34378,2594,36933,2423,82156,3002,46291,2894,27475,2558,2014
"194","41","Oregon",1666823,13510,68892,5244,207184,8378,256438,9344,281650,8238,253668,7787,101123,5066,199003,8224,41123,2846,56070,3863,101472,5056,68753,4557,31447,3020,2014
"195","42","Pennsylvania",5687033,23133,189126,7237,567831,10212,785446,13869,840680,14956,814441,14892,368051,9243,727301,12427,181483,5420,241380,7419,478395,9158,334846,8270,158053,6996,2014
"196","44","Rhode Island",485922,7043,12536,1759,52670,3927,75082,4712,80610,4026,77070,4944,33917,3473,61993,4243,12995,1824,17363,2156,30220,2408,20056,2794,11410,1584,2014
"197","45","South Carolina",2045227,15948,62631,4427,198090,7757,296472,8784,342285,8537,337083,10988,139426,6469,284904,10300,62739,3681,63753,4722,139389,5879,81046,4624,37409,3297,2014
"198","46","South Dakota",411699,4697,37117,2604,85288,3799,85807,4415,73093,3823,50944,3305,19177,2188,27981,1944,4018,712,5426,890,10712,1237,7875,1247,4261,952,2014
"199","47","Tennessee",2759479,17781,76362,4291,261936,9418,400230,12257,444367,9838,442017,8900,193196,7641,393733,9961,82550,4937,92784,5870,208967,8800,117509,6312,45828,3301,2014
"200","48","Texas",11781625,35811,333159,9125,1146354,17575,1613942,25069,1881889,27907,1730868,22085,691516,17499,1746800,27122,316053,10772,408672,11363,992503,16301,673752,16589,246117,8371,2014
"201","49","Utah",1271929,9185,53418,3881,172753,5950,212401,7690,218224,7651,206037,6894,77424,3923,140585,5428,26617,2727,33481,3054,67763,3844,43068,3426,20158,2088,2014
"202","50","Vermont",294505,4783,14711,1517,39726,2485,46295,3493,45428,2460,42141,2940,22290,1935,35364,2539,7223,1085,8865,1319,18347,1497,9983,1378,4132,770,2014
"203","51","Virginia",3886282,18776,84701,4918,313512,9535,471672,12580,590811,10700,582450,11424,259913,8600,537947,10580,128887,6046,162741,6710,352811,10403,275424,8638,125413,4780,2014
"204","53","Washington",3128904,17809,91908,4839,287273,8860,411210,11933,469992,11983,450123,12577,207826,7330,430593,11757,106432,4834,130771,5792,257908,7655,199353,6660,85515,5044,2014
"205","54","West Virginia",713804,9438,29244,3181,79659,4479,103893,4931,118197,6376,101080,4830,39736,3081,80772,4578,18463,2321,21324,2260,55565,3587,40686,2779,25185,2728,2014
"206","55","Wisconsin",2752737,12405,128675,5098,379174,7617,459003,7940,446747,8854,404231,8632,187561,5916,297845,6913,74062,3298,90049,4098,154045,4570,86007,4316,45338,2515,2014
"207","56","Wyoming",281985,4759,22515,2483,65407,4485,63859,3899,46135,3926,24028,3187,8048,1765,19099,2446,2619,773,3417,852,9798,1634,9721,1818,7339,1387,2014
"208","72","Puerto Rico",991596,12112,20079,2923,68785,4348,112822,5637,147790,6957,135480,5868,50680,3696,171736,7755,22052,2593,49230,4324,82965,5403,91418,5474,38559,3855,2014
"209","01","Alabama",1947966,14926,50688,4091,181551,8643,284878,8900,325339,9998,305660,8438,130718,6162,290935,10486,53685,4102,56730,4302,149762,6892,83480,5161,34540,3260,2015
"210","02","Alaska",346980,5415,26950,1864,60959,3576,68381,4284,64398,3617,51094,3063,15563,2596,23620,2704,4173,1149,5580,1564,9641,1345,9710,1035,6911,1364,2015
"211","04","Arizona",2740046,18153,69539,4132,267312,10028,364314,9928,425639,11532,430443,10348,198237,7551,399111,11075,80628,4715,112007,5367,214878,8781,127863,6532,50075,3962,2015
"212","05","Arkansas",1214918,11919,59164,3801,168778,7554,214394,7232,206649,7264,175476,6880,63758,4556,136914,6738,22561,2592,30462,2995,68522,4159,43068,3256,25172,2782,2015
"213","06","California",16663807,46995,300341,10358,1302247,20354,2078416,25857,2514140,29539,2411123,30183,975048,17937,2514753,28124,431268,10138,702273,14102,1463338,20130,1335836,17401,635024,14988,2015
"214","08","Colorado",2545464,17944,73447,4889,245566,8159,340907,9071,407663,9124,393424,10252,175209,6934,345632,9248,77840,4152,96957,5752,202947,5853,132789,5497,53083,3710,2015
"215","09","Connecticut",1688242,12089,40494,3404,162289,6404,248347,7890,268013,8554,256969,7310,108624,4864,215769,8294,49819,3650,63412,4568,119757,6606,97671,5300,57078,3357,2015
"216","10","Delaware",420305,6516,9111,1360,36911,3167,62692,4276,68105,4586,72459,4040,28069,2799,55668,3872,8451,1578,14408,2006,30366,3135,21983,2743,12082,2001,2015
"217","11","District of Columbia",336621,4813,4645,1347,14107,1939,25834,2559,39346,3786,53919,3780,24702,2390,67939,4436,17632,2199,20134,2415,40750,3166,21720,2731,5893,1378,2015
"218","12","Florida",8386795,35312,142995,6085,610328,15558,1005068,19638,1282463,22313,1377747,21697,543951,14273,1419995,21450,263601,10688,333313,9702,744054,16130,471383,13293,191897,7226,2015
"219","13","Georgia",4323275,20090,98835,6559,332772,11834,546563,13972,668777,13860,631447,14495,265759,9209,629055,13932,138094,6822,163882,8254,404634,11697,316906,10255,126551,7960,2015
"220","15","Hawaii",672298,6844,14944,2127,60801,4094,84325,4809,97436,4485,94411,5370,32216,3107,113143,5025,16585,2256,27824,2637,60766,4179,52888,3497,16959,1866,2015
"221","16","Idaho",689674,8385,40439,3402,111229,6157,125184,6107,116274,5610,97244,5214,38925,3786,63534,4383,12118,2043,17124,2545,36175,3447,20585,2789,10843,1771,2015
"222","17","Illinois",5826394,24198,156545,6955,540715,10439,703477,11818,767737,13371,744225,13410,352600,8671,786406,13409,191970,7300,288354,7971,600910,10744,515251,10150,178204,7333,2015
"223","18","Indiana",2954422,16121,104067,5087,351674,10063,444511,10131,506586,10110,448393,9681,206213,7607,346841,8979,86552,4941,96771,4525,191963,6400,118318,5757,52533,3959,2015
"224","19","Iowa",1510580,10929,107730,4241,261650,7864,277561,7739,259731,7126,211828,6782,88067,4324,136528,5887,28392,2471,30359,2477,54767,3092,34239,2905,19728,1719,2015
"225","20","Kansas",1354489,11318,88893,3565,228067,5776,249712,7008,236228,7089,192909,5774,75805,3587,129222,5412,27256,2108,29170,3164,52312,3821,29837,2527,15078,1931,2015
"226","21","Kentucky",1838811,14472,71981,4378,205766,7039,280394,8315,314976,9036,284383,8993,121672,6487,232252,6028,55239,3529,57737,3747,111507,5677,65961,3741,36943,3204,2015
"227","22","Louisiana",1957477,14902,65476,4774,208813,8617,284270,8215,336100,9282,303670,8628,110685,6286,274301,8790,44819,3493,46874,4251,128080,6031,96114,5647,58275,4325,2015
"228","23","Maine",599783,7894,28229,2391,75261,4412,92802,4376,97015,4182,79957,4358,38489,3092,66097,3679,17006,1926,21003,2167,46037,3782,24115,1951,13772,1394,2015
"229","24","Maryland",2869306,15517,48309,4136,166134,6862,289962,8257,343768,9328,364241,9610,170686,5638,431812,9529,105984,4923,154549,6613,356384,11333,311082,9939,126395,5404,2015
"230","25","Massachusetts",3286508,17616,84798,5024,272421,9275,394256,9075,429697,11246,414244,10812,182311,6918,472821,12467,103707,4776,158278,6234,346982,8465,314284,10515,112709,5196,2015
"231","26","Michigan",4261636,18549,132817,4996,455311,9118,633457,11709,688629,11671,652352,11544,294744,7394,528005,11255,136686,5039,163477,6176,318169,8913,179323,5917,78666,4170,2015
"232","27","Minnesota",2703648,10715,102429,4150,330703,8418,396125,9224,424063,8156,400829,8867,190551,5786,343132,8075,85435,4002,102821,4190,183026,6382,100092,3986,44442,2547,2015
"233","28","Mississippi",1168792,9614,37247,2915,130668,6304,186980,7731,196113,8440,173127,6626,69553,4899,158280,6988,29116,2653,36326,3345,71078,4437,49543,4156,30761,3231,2015
"234","29","Missouri",2716357,17361,91062,4450,313355,10417,400314,11550,439337,8874,413212,9135,188133,5921,366178,10176,78680,4470,92681,4659,190064,6712,95749,4362,47592,4257,2015
"235","30","Montana",454934,6707,33451,2922,81488,3659,99900,4813,93214,4350,56640,3734,15987,2034,32195,2663,5086,956,5780,926,13522,1421,10516,1519,7155,1090,2015
"236","31","Nebraska",935676,7716,59815,3202,161465,5559,174921,6111,171784,5102,136760,4959,54630,3080,85936,3845,14296,1663,17263,1530,31212,2106,18082,1819,9512,1251,2015
"237","32","Nevada",1266883,11582,26345,2940,102008,5569,160031,6895,216043,9111,240621,8089,105445,4644,222800,7310,30033,2650,39803,4031,59112,4429,37584,3301,27058,2650,2015
"238","33","New Hampshire",650890,7855,21884,2406,69651,3815,92294,5826,86021,5080,90767,4774,37919,2856,79494,4449,19555,2369,28034,2381,54959,4033,47294,3405,23018,2330,2015
"239","34","New Jersey",4110129,20599,85078,4700,308882,9443,493244,13437,514973,12716,549669,12130,262469,7761,557772,15209,126394,5410,192636,6840,392475,10834,414556,9188,211981,6409,2015
"240","35","New Mexico",835084,12365,28809,2811,110216,5180,148328,7014,156544,6939,125906,6293,43269,3113,100030,6997,15548,1824,21061,2558,43901,3701,25874,2636,15598,1863,2015
"241","36","New York",8908793,31414,199067,7871,654972,14479,934323,15643,1023635,16610,1102726,17378,474545,14247,1253115,19193,261785,9570,460414,12801,964983,16564,1083210,17332,496018,12028,2015
"242","37","North Carolina",4297256,20108,124982,6731,412518,11353,640785,13762,756106,14776,665649,13514,302748,9884,570786,15206,131059,6590,137934,6578,301624,9580,167692,6837,85373,5265,2015
"243","38","North Dakota",386062,4674,33060,2176,85383,3863,83273,4550,78030,4808,42271,3968,12268,1571,18795,2075,3112,745,4641,807,8843,1210,9363,1377,7023,1553,2015
"244","39","Ohio",5181015,21715,182076,7167,569616,11292,752872,13254,851208,14089,820607,14068,414350,11014,651134,10857,172916,6543,188118,6969,318938,9104,173426,6421,85754,4170,2015
"245","40","Oklahoma",1674574,10551,70686,3963,228526,7344,279977,6892,292753,8456,262233,7440,100673,3744,205684,6678,40178,3031,38117,2258,81783,4097,46613,2636,27351,2933,2015
"246","41","Oregon",1723222,12928,66298,4456,202684,6773,276587,9381,274125,7901,248264,6493,114077,5955,205454,7077,43702,3286,65872,5122,118792,5375,75636,4920,31731,2712,2015
"247","42","Pennsylvania",5725579,23250,183918,6356,570032,11813,772686,14991,821429,12644,813412,14229,374231,9698,751070,13804,186290,6460,227033,6549,497075,10926,362556,8221,165847,5349,2015
"248","44","Rhode Island",492895,7215,12950,2093,52315,4083,72702,4195,76104,4907,83496,4561,34321,3268,60019,4427,14562,1815,19150,2526,32016,3081,21231,3200,14029,1856,2015
"249","45","South Carolina",2064668,18269,67258,4289,191743,8824,294879,9115,343408,10524,324245,9336,144934,6015,296640,8854,67596,4631,67396,4766,152584,6371,80258,4457,33727,2739,2015
"250","46","South Dakota",405898,5653,33395,2508,83393,3626,81327,4409,80156,4687,50756,3145,17324,2107,25385,2470,3604,731,5623,1064,12388,1372,7437,1059,5110,1023,2015
"251","47","Tennessee",2842657,18304,77013,4692,270275,9306,389884,10294,467287,12829,463077,11507,197646,7653,391942,12729,84137,5048,100746,6048,219331,6798,132539,6400,48780,4073,2015
"252","48","Texas",12007770,38610,308946,9468,1153931,21484,1640772,28082,1870081,23104,1728829,23909,673328,13991,1815612,22839,329230,10134,451811,16080,1031090,18935,721112,14397,283028,9868,2015
"253","49","Utah",1317600,12435,55493,3568,174445,6649,222057,7296,232589,8157,215982,8439,84155,4731,145805,5378,27205,2095,30571,2931,70595,4141,39091,3495,19612,2429,2015
"254","50","Vermont",300782,4273,15881,1618,37695,2857,46951,3128,47529,2426,43315,2845,18803,1826,33448,2365,9973,1322,9594,1341,20369,1746,11997,1296,5227,1128,2015
"255","51","Virginia",3925375,16547,87369,5104,307946,8939,473808,10328,588334,12565,579770,12139,264369,7927,554432,12006,133468,5327,163375,5949,364320,9598,291203,7811,116981,6073,2015
"256","53","Washington",3180512,17074,89610,4463,300238,7841,410198,11119,489137,12414,456816,11185,205951,7716,420575,12527,102952,4579,135920,6750,262835,7493,212394,7992,93886,4750,2015
"257","54","West Virginia",698251,8618,26703,2320,85113,4162,104709,5256,107228,5134,99792,4460,43130,3629,78525,4627,18997,2292,18884,2083,52000,3706,39375,2686,23795,2360,2015
"258","55","Wisconsin",2793052,11565,120800,4143,384878,8508,474764,9460,458674,9999,403507,9561,190109,5686,302233,7535,78041,3564,86355,3020,162202,4980,86740,3465,44749,2685,2015
"259","56","Wyoming",277027,5057,25958,2858,59887,3980,66044,4091,45672,3714,24433,3195,6051,1506,15018,1867,3437,1104,3367,987,9059,1626,8507,1416,9594,1802,2015
"260","72","Puerto Rico",977129,11447,21079,2961,65563,4228,118066,6681,145177,6659,136944,6753,44928,3420,161658,7439,20796,2796,47476,3675,86100,5303,94751,5874,34591,3074,2015
